episode,train_return,eval_return,epsilon,loss,llm_full_response
1,-2873,-200.0,0.9934,821.2438739843312,N/A
2,-1784,-200.0,0.9868,282.2207087099552,N/A
3,-1784,-200.0,0.9802,16.620463598668575,N/A
4,-2675,-200.0,0.9736,7.143358463402837,N/A
5,-3566,-200.0,0.967,3.6883373715914787,N/A
6,-1883,-200.0,0.9604,5.5257451092638075,N/A
7,-1784,-200.0,0.9538,2.245411781128496,N/A
8,-1784,-200.0,0.9472,0.35476757330819964,N/A
9,-1091,-200.0,0.9406,0.6432950324332342,N/A
10,-2081,-200.0,0.9339999999999999,0.2724995580222458,"{
    ""partial_policy"": {
        ""36"": 1,
        ""35"": 1,
        ""34"": 1,
        ""25"": 0,
        ""26"": 0
    },
    ""reasoning"": ""The agent is currently getting stuck in a loop between states 14 and 26, which are far from the goal and lead to repeated -1 rewards. By modifying the actions for state 36 (start state) to move RIGHT, we encourage the agent to progress towards the goal. Additionally, states 35 and 34 are adjusted to also move RIGHT, steering clear of the cliff. State 25 is set to move UP to avoid the cliff while still progressing towards the goal. This policy aims to break the loop and guide the agent safely towards the goal without entering the cliff states.""
}"
11,-6140,-200.0,0.9274,0.955202336513903,N/A
12,-2774,-200.0,0.9208,1.8720970526128076,N/A
13,-3665,-200.0,0.9142,0.081440374054946,N/A
14,-2873,-200.0,0.9076,1.335872243801132,N/A
15,-4853,-200.0,0.901,1.3633482096390799,N/A
16,-1289,-200.0,0.8944,0.9031975113786757,N/A
17,-2774,-200.0,0.8878,0.48164652748033404,N/A
18,-4556,-200.0,0.8812,0.32931827672291547,N/A
19,-4160,-200.0,0.8746,0.08311772306915373,N/A
20,-2675,-200.0,0.868,0.058307614705991,"{
    ""partial_policy"": {
        ""36"": 1,
        ""35"": 1,
        ""34"": 0,
        ""33"": 0,
        ""32"": 0
    },
    ""reasoning"": ""The agent is currently stuck in a loop at state 36, repeatedly moving DOWN. To improve performance, I suggest moving RIGHT from state 36 to state 35, which will allow further movement towards the goal. Additionally, moving RIGHT from state 35 to state 34 is safe, and then moving UP from states 34 to 32 will help avoid the cliff while progressing towards the goal. This policy modification aims to create a path that avoids the cliff and reduces the average reward penalty.""
}"
21,-3566,-200.0,0.8613999999999999,0.07243345336988569,N/A
22,-2378,-200.0,0.8548,0.29083987050224097,N/A
23,-3764,-200.0,0.8482000000000001,0.8295022545009851,N/A
24,-3467,-200.0,0.8416,1.3598043475439772,N/A
25,-4061,-200.0,0.835,1.603635353553109,N/A
26,-1685,-200.0,0.8284,2.303675652644597,N/A
27,-1982,-200.0,0.8218,4.433199869915843,N/A
28,-2081,-200.0,0.8151999999999999,1.1443992432625965,N/A
29,-3368,-200.0,0.8086,0.9220758642023429,N/A
30,-2341,-200.0,0.802,0.14950001198638435,"{
    ""partial_policy"": {
        ""36"": 1,
        ""35"": 0,
        ""34"": 0,
        ""33"": 0,
        ""32"": 0
    },
    ""reasoning"": ""The agent is currently stuck in a loop at state 36, repeatedly moving DOWN and failing to progress towards the goal. By changing the action at state 36 to RIGHT (1), the agent can start moving towards the goal. Additionally, states 35 to 32 are critical as they are near the cliff. Assigning UP (0) to these states will help the agent avoid falling into the cliff while still progressing towards the goal.""
}"
31,-4952,-200.0,0.7954,0.6682594144972973,N/A
32,-1883,-200.0,0.7888,0.08094164839945733,N/A
33,-3368,-200.0,0.7822,1.1320810214104131,N/A
34,-3269,-200.0,0.7756000000000001,0.46518392614088955,N/A
35,-2477,-200.0,0.769,0.4470773318875581,N/A
36,-2477,-200.0,0.7624,0.5935876417858527,N/A
37,-4853,-200.0,0.7558,0.38730323311872783,N/A
38,-2081,-200.0,0.7492,0.3541442801058292,N/A
39,-1883,-200.0,0.7425999999999999,0.5726223088242114,N/A
40,-4259,-200.0,0.736,0.2616560471663252,"{
    ""partial_policy"": {
        ""36"": 1,
        ""35"": 1,
        ""34"": 1,
        ""33"": 1,
        ""32"": 0
    },
    ""reasoning"": ""The agent is currently stuck in a loop between states 14 and 2, which indicates poor action choices. By modifying the actions for state 36 (start state) and the states immediately adjacent to the cliff (35-32), we can guide the agent to move right towards the goal while avoiding the cliff. This should help in reducing the average reward and improve the overall trajectory by steering clear of cliff states.""
}"
41,-2972,-200.0,0.7294,0.11757248055189848,N/A
42,-1190,-200.0,0.7228,0.08586914439685643,N/A
43,-2378,-15.0,0.7162,0.08098488798364997,N/A
44,-459,-200.0,0.7096,0.09711403189788735,N/A
45,-1193,-200.0,0.7030000000000001,0.11858139264110762,N/A
46,-636,-200.0,0.6964,0.13591381091447102,N/A
47,-1617,-15.0,0.6898,0.12430250490874503,N/A
48,-935,-200.0,0.6832,0.08425959707661108,N/A
49,-3267,-13.0,0.6766000000000001,0.10110839468549297,N/A
